{
  "best_epoch": 9,
  "auc": 0.9565732289765196,
  "accuracy": 0.89,
  "precision": 0.8525345622119815,
  "recall": 0.9390862944162437,
  "f1": 0.893719806763285,
  "inv_fpr_07": 22.555555555555554,
  "confusion_matrix": [
    [
      855,
      160
    ],
    [
      60,
      925
    ]
  ],
  "config": {
    "seed": 42,
    "batch_size": 64,
    "lr_head": 0.001,
    "lr_encoder": 5e-05,
    "freeze_epochs": 5,
    "weight_decay": 0.001,
    "dropout": 0.5
  }
}